sku;name_th;name;;;description;unit_value;unit;price;manufacturer;category;category2;category3;is_volume_buy
1001000002;มะนาว (เบอร์ 500);Lemon (size 500);;;;1;ลูก;5;คิงเฟรทฟาร์ม;อาหารสด;ผักสด;;No
1001000003;มะนาว (เบอร์ 400);Lemon (size 500);;;;1;ลูก;4;คิงเฟรทฟาร์ม;อาหารสด;ผักสด;;No
1001000004;หัวไชเท้าเบอร์สวย;White Radish (Good grade);;;;1;กก.;65;คิงเฟรทฟาร์ม;อาหารสด;ผักสด;;No
1001000005;แครอทนอก ไซต์ L (3ลูก/กก.);Imported Carrot (Size L);;;;1;กก.;80;คิงเฟรทฟาร์ม;อาหารสด;ผักสด;;No
1001000006;พริกยักษ์เหลืองเกรดเอ ไซต์( 5-6 ลูก/กก.);Yellow Sweet Pepper (Grade A size5-6/kg);;;;1;กก.;/;คิงเฟรทฟาร์ม;อาหารสด;ผักสด;;No
1001000007;พริกยักษ์เขียวเกรดเอ;Green Sweet Pepper Grade A ;5-6 ลูก;5-6 pc.;;1;กก.;/;คิงเฟรทฟาร์ม;อาหารสด;ผักสด;;No
1001000008;พริกยักษ์แดงเบอร์ A ( 5-6 ลูก/กก.);Red Sweet Pepper (Grade A size 5-6/kg);;;;1;กก.;/;คิงเฟรทฟาร์ม;อาหารสด;ผักสด;;No
1001000009;ผักกาดแก้ว;Lettuce;;;;1;กก.;120;คิงเฟรทฟาร์ม;อาหารสด;ผักสด;;No
1001000010;บล็อคโคลี่นอก;Broccoli ;;;;1;กก.;/;คิงเฟรทฟาร์ม;อาหารสด;ผักสด;;No
1001000011;มะเขือเทศราชินีนอก/เชอรี่;Imported Cherry Tomato; Baby tomato;;;1;กก.;120;คิงเฟรทฟาร์ม;อาหารสด;ผักสด;;No
1001000012;เห็ดแชมปิญองสด (1 kg.);Fresh Champagne Mushrooms;;;;1;กก.;/;คิงเฟรทฟาร์ม;อาหารสด;ผักสด;;No
1001000013;ผักกรีนโอ๊ค;Green Oak;;;;1;กก.;120;คิงเฟรทฟาร์ม;อาหารสด;ผักสด;;No
1001000014;ผักเรดโอ๊ค;Red Oak;;;;1;กก.;120;คิงเฟรทฟาร์ม;อาหารสด;ผักสด;;No
1001000015;ผักคอส (Romaine lettuce);Cos;;;;1;กก.;120;คิงเฟรทฟาร์ม;อาหารสด;ผักสด;;No
1001000016;ผักบัตเตอร์เฮด ;Butterhead;;;;1;กก.;120;คิงเฟรทฟาร์ม;อาหารสด;ผักสด;;No
1001000017;มะเขือม่วงก้านเขียวใหญ่;Purple Egg Plant (Large);;;;1;กก.;55;คิงเฟรทฟาร์ม;อาหารสด;ผักสด;;No
1001000018;พริกชี้ฟ้าแดง;Red Chilli;;;;1;กก.;/;คิงเฟรทฟาร์ม;อาหารสด;ผักสด;;No
1001000019;มะกรูด;Lemon Grass;;;;1;กก.;/;คิงเฟรทฟาร์ม;อาหารสด;ผักสด;;No
1001000020;มะละกอดิบพันธุ์ดำเนิน;Raw Payaya (Damnern);;;;1;กก.;/;คิงเฟรทฟาร์ม;อาหารสด;ผักสด;;No
1001000021;ข้าวโพดฝักดิบปอกเปลือก (ประมาณ 3 ฝัก/kg.;Raw Corn (no peel) 3pcs/kg;;;;1;กก.;/;คิงเฟรทฟาร์ม;อาหารสด;ผักสด;;No
1001000022;แตงร้าน;Long Cucumber;;;;1;กก.;65;คิงเฟรทฟาร์ม;อาหารสด;ผักสด;;No
1001000023;แตงกวากลาง;Cucumber (medium);;;;1;กก.;65;คิงเฟรทฟาร์ม;อาหารสด;ผักสด;;No
1001000024;แตงกวาเล็ก;Cucumber (small);;;;1;กก.;60;คิงเฟรทฟาร์ม;อาหารสด;ผักสด;;No
1001000025;ผักบุ้งจีน เกรดเอ;Morning Glory (Grade A);;;;1;กก.;65;คิงเฟรทฟาร์ม;อาหารสด;ผักสด;;No
1001000026;คะน้าต้นกลาง;Chinese Kale (Medium);;;;1;กก.;75;คิงเฟรทฟาร์ม;อาหารสด;ผักสด;;No
1001000027;คะน้าต้นใหญ่;Chinese Kale (Large);;;;1;กก.;80;คิงเฟรทฟาร์ม;อาหารสด;ผักสด;;No
1001000028;คะน้าฮ่องกงเล็ก;Hong Kong Kake ;;;;1;กก.;/;คิงเฟรทฟาร์ม;อาหารสด;ผักสด;;No
1001000029;ปวยเล้ง นอก;Spinach;;;;1;กก.;/;คิงเฟรทฟาร์ม;อาหารสด;ผักสด;;No
1001000030;ดอกกะหล่ำขาวนอก;cauliflower;;;;1;กก.;/;คิงเฟรทฟาร์ม;อาหารสด;ผักสด;;No
1001000031;กะหล่ำม่วง;Purple cauliflower;;;;1;กก.;/;คิงเฟรทฟาร์ม;อาหารสด;ผักสด;;No
1001000032;ฟักเขียวแก่;winter melon;;;;1;กก.;55;คิงเฟรทฟาร์ม;อาหารสด;ผักสด;;No
1001000033;ฟักเขียวอ่อน;Baby Winter Melon;;;;1;กก.;/;คิงเฟรทฟาร์ม;อาหารสด;ผักสด;;No
1001000034;ฟักทองไซต์ (3-3.5 กก./ลูก);Pumpkin (size 3.3.5kg/pax);;;;1;กก.;/;คิงเฟรทฟาร์ม;อาหารสด;ผักสด;;No
1001000035;ฟักทองลูกใหญ่ไซต์ ( 5-6 กก./ลูก);Pumpkin (large size 5-6 kg/pax);;;;1;กก.;/;คิงเฟรทฟาร์ม;อาหารสด;ผักสด;;No
1001000036;ฟักทองญี่ปุ่น (2-2.5 กก./ลูก);Japanese Pumpkin (2-2.5 kg/pax);;;;1;กก.;/;คิงเฟรทฟาร์ม;อาหารสด;ผักสด;;No
1001000037;ผักกาดขาวตัดเเต่ง;Trimmed Chinese Cabbage;;;;1;กก.;/;คิงเฟรทฟาร์ม;อาหารสด;ผักสด;;No
1001000038;ผักกาดหางหงษ์;Chinese Cabbage Michilli;;;;1;กก.;/;คิงเฟรทฟาร์ม;อาหารสด;ผักสด;;No
1001000039;ผักขมจีน;Chinese Spinach;;;;1;กก.;/;คิงเฟรทฟาร์ม;อาหารสด;ผักสด;;No
1001000040;ผักโขมไทย (ป๊อบอาย);Amaranth (Thai);;;;1;กก.;/;คิงเฟรทฟาร์ม;อาหารสด;ผักสด;;No
1001000041;ผักโขมก้อนกลมแช่แข็ง (1 kg./แพ็ค );Rounded Frozen spinach (1kg/pax);;;;1;กก.;/;คิงเฟรทฟาร์ม;อาหารสด;ผักสด;;No
1001000042;มะเขือยาว;Long Egg Plant (Thai);;;;1;กก.;55;คิงเฟรทฟาร์ม;อาหารสด;ผักสด;;No
1001000043;มะเขือเปราะ เกรดมาตรฐาน;Thai Egg Plant (standard grade);;;;1;กก.;75;คิงเฟรทฟาร์ม;อาหารสด;ผักสด;;No
1001000044;มะเขือพวง;Turkey Berry (Wild Eggplant);;;;1;กก.;95;คิงเฟรทฟาร์ม;อาหารสด;ผักสด;;No
1001000045;ข้าวโพดอ่อนเปลือย;Baby Corn;;;;1;กก.;90;คิงเฟรทฟาร์ม;อาหารสด;ผักสด;;No
1001000046;ถั่วลันเตาหวานนอก;Imported Sweet Peas;;;;1;กก.;/;คิงเฟรทฟาร์ม;อาหารสด;ผักสด;;No
1001000047;ถั่วลันเตาเม็ด แช่แข็ง;Frozen Sweet Peas Seeds);;;;1;กก.;/;คิงเฟรทฟาร์ม;อาหารสด;ผักสด;;No
1001000048;ถั่วลันเตาเล็ก;Sweet Pea (Small);;;;1;กก.;/;คิงเฟรทฟาร์ม;อาหารสด;ผักสด;;No
1001000049;หน่อไม้ฝรั่งไซต์ (ใหญ่);Asparagus (Large);;;;1;กก.;200;คิงเฟรทฟาร์ม;อาหารสด;ผักสด;;No
1001000050;หน่อไม้ฝรั่งไซต์ B (กลาง);Asparagus (Medium);;;;1;กก.;/;คิงเฟรทฟาร์ม;อาหารสด;ผักสด;;No
1001000051;มะระจีน;Bitter Gourd;;;;1;กก.;/;คิงเฟรทฟาร์ม;อาหารสด;ผักสด;;No
1001000052;ถั่วฝักยาวด้วง;Beetle Bean;;;;1;กก.;/;คิงเฟรทฟาร์ม;อาหารสด;ผักสด;;No
1001000053;ถั่วฝักยาวเส้น;Yard Long Bean;;;;1;กก.;75;คิงเฟรทฟาร์ม;อาหารสด;ผักสด;;No
1001000054;ผักกาดหอม;Chinese lettuce;;;;1;กก.;110;คิงเฟรทฟาร์ม;อาหารสด;ผักสด;;No
1001000055;ผักโสภณ;Chinese Mustard Green;;;;1;กก.;/;คิงเฟรทฟาร์ม;อาหารสด;ผักสด;;No
1001000056;ผักกระเฉด (ไม่เด็ด) (5 กก./ถุง);Water Minosa(5kg/pax) (whole plant);;;;1;ถุง;/;คิงเฟรทฟาร์ม;อาหารสด;ผักสด;;No
1001000057;พาร์สลีย์ (Parsley);Parsley;;;;1;กก.;/;คิงเฟรทฟาร์ม;อาหารสด;ผักสด;;No
1001000058;เห็ดชิเมจิดำ (8 แพ็ค/กก.);Shemiji Mushroom (Black)(8pax/kg);;;;1;แพ็ค;/;คิงเฟรทฟาร์ม;อาหารสด;ผักสด;;No
1001000059;เห็ดหอมสดใหญ่;Fresh Shiitake Mushroom (Large);;;;1;กก.;/;คิงเฟรทฟาร์ม;อาหารสด;ผักสด;;No
1001000060;เห็ดเข็มทอง (100 กรัม/แพ็ค);Enoki Mushroom ;;;;1;แพ็ค;/;คิงเฟรทฟาร์ม;อาหารสด;ผักสด;;No
1001000061;เห็ดหูหนูดำสด;Fresh Jew's Ear Mushroom;;;;1;กก.;/;คิงเฟรทฟาร์ม;อาหารสด;ผักสด;;No
1001000062;มันเทศญี่ปุ่น ไซต์ (6-7 ลูก/กก.);Japanese  Sweet Potato (size 6-7 pcs/kg);;;;1;กก.;/;คิงเฟรทฟาร์ม;อาหารสด;ผักสด;;No
1001000063;มันเทศญี่ปุ่นไซต์ M;Japanese Sweet Potato size M;;;;1;กก.;/;คิงเฟรทฟาร์ม;อาหารสด;ผักสด;;No
1001000064;มันเทศ;Sweet Potato;;;;1;กก.;/;คิงเฟรทฟาร์ม;อาหารสด;ผักสด;;No
1001000065;เผือกดิบไซต์กลาง;Raw Taro (Medium);;;;1;กก.;/;คิงเฟรทฟาร์ม;อาหารสด;ผักสด;;No
1001000066;รากบัวจีน;Chinese Lotus Root;;;;1;กก.;/;คิงเฟรทฟาร์ม;อาหารสด;ผักสด;;No
1001000067;พริกขี้หนูเขียวเด็ด;Green Chilii (no stalk);;;;1;กก.;/;คิงเฟรทฟาร์ม;อาหารสด;ผักสด;;No
1001000068;พริกขี้หนูแดงเด็ดก้าน;Red Chilli (no stalk);;;;1;กก.;130;คิงเฟรทฟาร์ม;อาหารสด;ผักสด;;No
1001000069;พริกชี้ฟ้าเขียว;Green Chilli pepper;;;;1;กก.;/;คิงเฟรทฟาร์ม;อาหารสด;ผักสด;;No
1001000070;พริกชี้ฟ้าเหลือง;Yellow Chilli pepper;;;;1;กก.;/;คิงเฟรทฟาร์ม;อาหารสด;ผักสด;;No
1001000071;พริกหนุ่ม;Young Chilli ;;;;1;กก.;/;คิงเฟรทฟาร์ม;อาหารสด;ผักสด;;No
1001000072;พริกหยวกเขียว;Green Bell Pepper;;;;1;กก.;/;คิงเฟรทฟาร์ม;อาหารสด;ผักสด;;No
1001000073;พริกไทยอ่อนเบอร์รอง;Tabblet pepper (Grade B);;;;1;กก.;/;คิงเฟรทฟาร์ม;อาหารสด;ผักสด;;No
1001000074;พริกไทยอ่อนเบอร์สวย;Tabblet pepper (Grade A);;;;1;กก.;/;คิงเฟรทฟาร์ม;อาหารสด;ผักสด;;No
1001000075;รากผักชี;Coriander root;;;;1;กก.;/;คิงเฟรทฟาร์ม;อาหารสด;ผักสด;;No
1001000076;ผักชีไทย;Thai Coriader;;;;1;กก.;140;คิงเฟรทฟาร์ม;อาหารสด;ผักสด;;No
1001000077;คึ่นช่ายไทย เกรดมาตรฐาน;Thai Celery (Stardard Grade);;;;1;กก.;130;คิงเฟรทฟาร์ม;อาหารสด;ผักสด;;No
1001000078;ต้นหอมไทย;Thai Sprin Onion;;;;1;กก.;130;คิงเฟรทฟาร์ม;อาหารสด;ผักสด;;No
1001000079;ใบสะระแหน่;Thai Pepper Mint;;;;1;กก.;/;คิงเฟรทฟาร์ม;อาหารสด;ผักสด;;No
1001000080;ใบโหระพานอก (สวีทเบซิล);Imported Sweet Basil;;;;1;กก.;90;คิงเฟรทฟาร์ม;อาหารสด;ผักสด;;No
1001000081;ใบแมงลัก;Hairy Basil;;;;1;กก.;90;คิงเฟรทฟาร์ม;อาหารสด;ผักสด;;No
1001000082;ใบกระเพรา เกรดมาตรฐาน;Thai Basil (Stardard Grade);;;;1;กก.;90;คิงเฟรทฟาร์ม;อาหารสด;ผักสด;;No
1001000083;ใบมะกรูด;Lime Leaf;;;;1;กก.;110;คิงเฟรทฟาร์ม;อาหารสด;ผักสด;;No
1001000084;ผักชีลาว;Dill;;;;1;กก.;/;คิงเฟรทฟาร์ม;อาหารสด;ผักสด;;No
1001000085;ผักชีฝรั่ง / ผักชีใบยาว /ผักชีใบเรื่อย;Saw tooth Coriader; Long Coriander;;;1;กก.;/;คิงเฟรทฟาร์ม;อาหารสด;ผักสด;;No
1001000086;ต้นหอมไทย;Thai Spring Onion;;;;1;กก.;130;คิงเฟรทฟาร์ม;อาหารสด;ผักสด;;No
1001000087;ต้นกระเทียมนอก;Leek;;;;1;กก.;/;คิงเฟรทฟาร์ม;อาหารสด;ผักสด;;No
1001000088;ต้นหอมญี่ปุ่นใบสั้น ตัดแต่ง;Japanese Bunching Onion;;;;1;กก.;/;คิงเฟรทฟาร์ม;อาหารสด;ผักสด;;No
1001000089;ตะไคร้เกษตร (สีขาว);Lemon Grass (Kaset);;;;1;กก.;60;คิงเฟรทฟาร์ม;อาหารสด;ผักสด;;No
1001000090;มะเขือเทศเชอร์รี่พวง;Cherry Tomato;;;;1;กก.;/;คิงเฟรทฟาร์ม;อาหารสด;ผักสด;;No
1001000091;ดอกกุยช่าย;Chives (Flower);;;;1;กก.;/;คิงเฟรทฟาร์ม;อาหารสด;ผักสด;;No
1001000092;ใบกุยช่ายขาว;White Garlic Chives (leaf);;;;1;กก.;/;คิงเฟรทฟาร์ม;อาหารสด;ผักสด;;No
1001000093;ใบกุยช่ายเขียว;Green Garlic Chives (leaf);;;;1;กก.;/;คิงเฟรทฟาร์ม;อาหารสด;ผักสด;;No
1001000094;ต้นอ่อนทานตะวัน (200 g./แพ็ค);Sunflower Sprout (200g/pax);;;;1;กก.;175;คิงเฟรทฟาร์ม;อาหารสด;ผักสด;;No
1001000095;ไควาเระ (200 กรัม/แพ็ค);Kaiware (200g/pax);;;;1;กก.;/;คิงเฟรทฟาร์ม;อาหารสด;ผักสด;;No
1001000096;เรดเคอรัล;Red Corral;;;;1;กก.;120;คิงเฟรทฟาร์ม;อาหารสด;ผักสด;;No
1001000097;บัตเตอร์เฮด;Butter Head;;;;1;กก.;120;คิงเฟรทฟาร์ม;อาหารสด;ผักสด;;No
1001000098;ฟิลเล่ย์ ไอซ์เบิร์ก;Frillice IceBerg;;;;1;กก.;120;คิงเฟรทฟาร์ม;อาหารสด;ผักสด;;No
1001000099;ยอดมะระหวาน / ยอดฟักซาโยเต้;Chayote;;;;1;กก.;/;คิงเฟรทฟาร์ม;อาหารสด;ผักสด;;No
1001000100;กระเทียมกลีบเล็ก;Garlic Cloves (Small);;;;1;กก.;/;คิงเฟรทฟาร์ม;อาหารสด;ผักสด;;No
1001000101;กระเทียมกลีบใหญ่/กระเทียมจีน ไม่แกะเปลือก;Garlic Cloves with Bumpy (Large);;;;1;กก.;/;คิงเฟรทฟาร์ม;อาหารสด;ผักสด;;No
1001000102;กระเทียมจีนกลีบใหญ่ไม่แกะเปลือก;Chinese Garlics Cloves with Bumpy (Large);;;;1;กก.;/;คิงเฟรทฟาร์ม;อาหารสด;ผักสด;;No
1001000103;หอมแดงไทย;Thai onion;;;;1;กก.;/;คิงเฟรทฟาร์ม;อาหารสด;ผักสด;;No
1001000104;ผักบุ้งไทยตัดราก;Thai Morning Glory (cut off roots);;;;1;กก.;/;คิงเฟรทฟาร์ม;อาหารสด;ผักสด;;No
1001000105;ผักบุ้งส้มตำ;Morning Glory for Sum tum;;;;1;กก.;/;คิงเฟรทฟาร์ม;อาหารสด;ผักสด;;No
1001000106;ซูกินี Zucchini;Zucchini;;;;1;กก.;/;คิงเฟรทฟาร์ม;อาหารสด;ผักสด;;No
1001000107;บีทรูท;Beetroot;;;;1;กก.;/;คิงเฟรทฟาร์ม;อาหารสด;ผักสด;;No
1001000108;โกโบ;Gobo;;;;1;กก.;/;คิงเฟรทฟาร์ม;อาหารสด;ผักสด;;No
1001000109;เซเลอรี่นอก / คึ่นช่ายฝรั่ง;Importe Celery;;;;1;กก.;/;คิงเฟรทฟาร์ม;อาหารสด;ผักสด;;No
1001000110;โต้วเหมี่ยว (150 กรัม/แพ็ค);Pea Sprout;;;;1;แพ็ค;/;คิงเฟรทฟาร์ม;อาหารสด;ผักสด;;No
1001000111;ตำลึง (250 กรัม/กำ);Ivy Gourd (Tum Lueng) 250g/pax;;;;1;กำ;/;คิงเฟรทฟาร์ม;อาหารสด;ผักสด;;No
1001000112;ชะอม (ไม่เด็ด) (200 กรัม/กำ);Cha-omm (Whole plant 200g/pax);;;;1;กำ;125;คิงเฟรทฟาร์ม;อาหารสด;ผักสด;;No
1001000113;ขิงอ่อน;Baby Ginger;;;;1;กก.;80;คิงเฟรทฟาร์ม;อาหารสด;ผักสด;;No
1001000114;ขิงแก่;Ginger;;;;1;กก.;80;คิงเฟรทฟาร์ม;อาหารสด;ผักสด;;No
1001000115;ขิงซอย;Slice Ginger;;;;1;กก.;/;คิงเฟรทฟาร์ม;อาหารสด;ผักสด;;No
1001000116;ข่าอ่อน;Baby Galanga;;;; ;กก.;70;คิงเฟรทฟาร์ม;อาหารสด;ผักสด;;No
1001000117;ใบโอบะ (10 ใบ/แพ็ค);Oba Leaves;;;;1;แพ็ค;/;คิงเฟรทฟาร์ม;อาหารสด;ผักสด;;No
1001000118;กล้วยหอมสุก;Cavendish Banana (Ripe);;;;1;กก.;55;คิงเฟรทฟาร์ม;อาหารสด;ผลไม้;;No
1001000119;แอปเปิ้ลกาล่า 150;Apple (Gala no 150);;;;1;กก.;/;คิงเฟรทฟาร์ม;อาหารสด;ผลไม้;;No
1001000120;ฝรั่งกิมจู;Kimju Guava;;;;1;กก.;/;คิงเฟรทฟาร์ม;อาหารสด;ผลไม้;;No
1001000121;ส้มสายน้ำผึ้ง เบอร์ 5;Orange honey (Sai nam pueng) No5;;;;1;กก.;/;คิงเฟรทฟาร์ม;อาหารสด;ผลไม้;;No
1001000122;สับปะรดศรีราชา เนื้อ (1 1.5-1.8 กก./ลูก);Pineapple (Sri ra Cha) (1-1.8 kg/pcs);;;;1;กก.;40;คิงเฟรทฟาร์ม;อาหารสด;ผลไม้;;No
1001000123;มะม่วงน้ำดอกไม้สุก;Ripe Mango (Nam Dok Mai);;;;1;กก.;/;คิงเฟรทฟาร์ม;อาหารสด;ผลไม้;;No
1001000124;แตงโมแดงจินตหรา(3-3.5 กก./ลูก;Watermelon (Jin-ta-ra) (3-3.5kg/pcs);;;;1;กก.;50;คิงเฟรทฟาร์ม;อาหารสด;ผลไม้;;No
1001000125;แอปเปิ้ลเขียว 113;Green Apple (no. 113);;;;1;ลูก;/;คิงเฟรทฟาร์ม;อาหารสด;ผลไม้;;No
1001000126;แคนตาลูป เนื้อส้ม;Cantaloupe (Orange) ;;;;1;กก.;/;คิงเฟรทฟาร์ม;อาหารสด;ผลไม้;;No
1001000127;แคนตาลูปซันเลดี้ 1.5-1.8 กก./ลูก;Cantaloupe (Sun Lady) (1.5-1.8kg/pcs);;;;1;กก.;/;คิงเฟรทฟาร์ม;อาหารสด;ผลไม้;;No
1001000128;มะละกอฮอลแลนด์ (1.8-2.5 กก./ลูก);Holland Papaya (1.8-2.5 kg.pcs);;;;1;กก.;60;คิงเฟรทฟาร์ม;อาหารสด;ผลไม้;;No
1001000129;สตรอเบอร์รี่แช่แข็ง;Frozen strawberry;;;;1;แพ็ค;/;คิงเฟรทฟาร์ม;อาหารสด;ผลไม้;;No
1001000130;กล้วยไข่สุก;Golden Banana (Ripe);;;;1;หวี;/;คิงเฟรทฟาร์ม;อาหารสด;ผักสด;;No
1001000131;กล้วยน้ำว้าสุก;Pisang Awak Banana (Ripe);;;;1;หวี;40;คิงเฟรทฟาร์ม;อาหารสด;ผลไม้;;No
1001000132;กล้วยน้ำว้าห่าม;Pisang Awak Banana (Almost Ripe);;;;1;หวี;/;คิงเฟรทฟาร์ม;อาหารสด;ผลไม้;;No
1001000133;กล้วยหอมห่าม;Cavendish Banana (Almost Ripe);;;;1;หวี;/;คิงเฟรทฟาร์ม;อาหารสด;ผลไม้;;No
1001000134;กล้วยไข่สุก 70% 13-18 ลูก/หวี;Golden Banana (70% Ripe 13-18pcs in bunch);;;;1;หวี;/;คิงเฟรทฟาร์ม;อาหารสด;ผลไม้;;No
1001000135;มะละกอฮอลแลนด์ (1-1.5 กก./ลูก);Holland Papaya (1-1.5 kg/pcs);;;;1;กก.;50;คิงเฟรทฟาร์ม;อาหารสด;ผลไม้;;No
1001000136;ฝรั่งแป้นสีทอง (2-3 ลูก/กก.);Guava Cultiva Golden (2-3kg/pcs);;;;1;กก.;/;คิงเฟรทฟาร์ม;อาหารสด;ผลไม้;;No
1001000137;ส้มเขียวหวาน เบอร์ 0;Tangerine (number0);;;;1;กก.;/;คิงเฟรทฟาร์ม;อาหารสด;ผลไม้;;No
1001000138;องุ่นแดงนอกไร้เมล็ด;Imported red grape (seedless );;;;1;กก.;/;คิงเฟรทฟาร์ม;อาหารสด;ผลไม้;;No
1001000139;แก้วมังกรเนื้อสีขาว ( 400-600 กรัม/ลูก;Dragon Fruit (white) (400-600g/pcs);;;;1;กก.;/;คิงเฟรทฟาร์ม;อาหารสด;ผลไม้;;No
1001000140;อโวคาโดสุก;Avocado (ripe);;;;1;กก.;/;คิงเฟรทฟาร์ม;อาหารสด;ผลไม้;;No
1001000141;ราสเบอร์รี่ (170 ก./ 2 แพ็ค);Rasberry (170g/pax);;;;1;แพ็ค;/;คิงเฟรทฟาร์ม;อาหารสด;ผลไม้;;No
1001000142;แบล็คเบอร์รี่ (170 ก./2 แพ็ค);Blackberry (170g/pax);;;;1;แพ็ค;/;คิงเฟรทฟาร์ม;อาหารสด;ผลไม้;;No
1001000143;เชอร์รี่แดง ( California ) (1 กก./แพ็ค);Red Cherry (California 1kg/pax);;;;1;แพ็ค;/;คิงเฟรทฟาร์ม;อาหารสด;ผลไม้;;No
1001000144;บลูเบอรี่สด (125 g.);Fresh Blueberry (125g);;;;1;แพ็ค;/;คิงเฟรทฟาร์ม;อาหารสด;ผลไม้;pax;No
1001000145;มะม่วงเขียวเสวย; Mango (Keaw Sawei);;;;1;กก.;/;คิงเฟรทฟาร์ม;อาหารสด;ผลไม้;;No
1001000146;มะม่วงดิบเปรี้ยว;Raw Mango (Sour);;;;1;กก.;/;คิงเฟรทฟาร์ม;อาหารสด;ผลไม้;;No
1001000147;มะพร้าวอ่อน;Young Coconut;;;;1;ลูก;30;คิงเฟรทฟาร์ม;อาหารสด;ผลไม้;;No
1001000148;มังคุด (18 ลูก/แพ็ค);Mangosteen (18pcs/pax);;;;1;แพ็ค;/;คิงเฟรทฟาร์ม;อาหารสด;ผลไม้;;No
1001000149;แตงโมกินรี 2.5-3 กก./ลูก;Watermelon (Kin-na-ree) (2.5-3kg/pcs);;;;1;กก.;/;คิงเฟรทฟาร์ม;อาหารสด;ผลไม้;;No
1001000150;เมล่อนเนื้อเขียว (1ลูก/ชิ้น);Melon (Green) (1pcs/pax);;;;1;กก.;/;คิงเฟรทฟาร์ม;อาหารสด;ผลไม้;;No
1001000151;แตงไทยสุก;Thai Melon (Ripe);;;;1;กก.;/;คิงเฟรทฟาร์ม;อาหารสด;ผลไม้;;No
1001000152;สับปะรด พันธุ์ตราดสีทอง ( 1-1.2 kg./ลูก);Pineapple (Golden Trad) (1-1.2kg/pcs);;;;1;กก.;/;คิงเฟรทฟาร์ม;อาหารสด;ผลไม้;;No
1001000153;สับปะรดแกง (1.5 กก./ลูก);Pineapple (For making curry) (1.5 kg/pcs);;;;1;กก.;/;คิงเฟรทฟาร์ม;อาหารสด;ผลไม้;;No
1001000154;แอปเปิ้ลฟูจิ 32 (72);Apple (Fuji32 no.72);;;;1;ลูก;/;คิงเฟรทฟาร์ม;อาหารสด;ผลไม้;;No
1001000155;แอปเปิ้ลฟูจิเบอร์ 88;Apple (Fuji no.88);;;;1;ลูก;/;คิงเฟรทฟาร์ม;อาหารสด;ผลไม้;;No
1001000156;แอปเปิ้ลแดง 113;Red Apple (no. 113);;;;1;ลูก;/;คิงเฟรทฟาร์ม;อาหารสด;ผลไม้;;No
1001000157;ทับทิม ( India ) (4 ลูก/แพ็ค);India Pomegranate (4pcs/pax);;;;1;แพ็ค;/;คิงเฟรทฟาร์ม;อาหารสด;ผลไม้;;No
1001000158;ทับทิมแกะพร้อมทาน ( 2 แพ็ค 150 ก. / แพ็ค);Pomegranate (ready to eat) (150g.pax);;;;1;แพ็ค;/;คิงเฟรทฟาร์ม;อาหารสด;ผลไม้;;No
1001000159;องุ่นมนต์ดำเล็บมือนาง (1 กก./แพ็ค;Imported black grape (seedless);;;;1;กก.;/;คิงเฟรทฟาร์ม;อาหารสด;ผลไม้;;No
1001000160;องุ่นเขียวไร้เมล็ด (1 กก./แพ็ค);Green Grape (Seedless 1kg/pax);;;;1;กก.;/;คิงเฟรทฟาร์ม;อาหารสด;ผลไม้;;No
1001000161;กีวี นิวซีแลนด์ เนื้อเขียว;Kiwi (New ZeaLand - Green);;;;1;ลูก;/;คิงเฟรทฟาร์ม;อาหารสด;ผลไม้;;No
1001000162;กีวี่ทอง ( Sungold ) (5 ลูก / แพ็ค;Kiwi (Sungold) (5pcs/pax);;;;1;แพ็ค;/;คิงเฟรทฟาร์ม;อาหารสด;ผลไม้;;No
1001000163;เสาวรส ( Thai ) (12 -15 ลูก / 1 กก./แพ็ค);Passion Fruit (Thai) (12-15pcs/kg/pax);;;;1;กก.;/;คิงเฟรทฟาร์ม;อาหารสด;ผลไม้;;No
1001000164;สะโพกไก่ติดกระดูก;Chicken Thight with Bone;;;;1;กก.;;เจริญโภคภัณฑ์;อาหารสด;เนื้อไก่;;No
1001000165;อกไก่ลอกหนัง;Chicken Breast without Skin (SBB);;;;1;กก.;;เจริญโภคภัณฑ์;อาหารสด;เนื้อไก่;อกไก่;No
1001000166;น่องไก่ ;Chicken Dumstick;;;;1;กก.;;เจริญโภคภัณฑ์;อาหารสด;เนื้อไก่;น่องไก่;No
1001000167;น่องไก่ติดสะโพก;Chicken Bone in Leg;;;;1;กก.;;เจริญโภคภัณฑ์;อาหารสด;เนื้อไก่;น่องไก่;No
1001000168;ปีกบนไก่;Wing Stick;;;;1;กก.;;เจริญโภคภัณฑ์;อาหารสด;เนื้อไก่;;No
1001000169;ปีกไก่กลาง;Middle Wing;;;;1;กก.;;เจริญโภคภัณฑ์;อาหารสด;เนื้อไก่;;No
1001000170;ปีกไก่เต็ม;Whole Chicken Wing;;;;1;กก.;;เจริญโภคภัณฑ์;อาหารสด;เนื้อไก่;;No
1001000171;อกไก่ติดหนัง;Chicken Breast with Skin (BB);;;;1;กก.;;เจริญโภคภัณฑ์;อาหารสด;เนื้อไก่;อกไก่;No
1001000172;สันในไก่;Chicken Fillet;;;;1;กก.;;เจริญโภคภัณฑ์;อาหารสด;เนื้อไก่;;No
1001000173;ไก่เป็นตัว;Whole Chicken;;;;1;กก.;;เจริญโภคภัณฑ์;อาหารสด;เนื้อไก่;;No
1001000174;ไข่ไก่;egg;;;;1;กก.;;เจริญโภคภัณฑ์;อาหารสด;เนื้อไก่;;No
1001000175;หมูสามชั้น หั่นเส้น;Pork Belly (long cut);;;;1;กก.;;เจริญโภคภัณฑ์;อาหารสด;เนื้อหมู;;No
1001000176;เบคอนรมควันสไลด์;Smoked Bacon Slide;;;;1;กก.;;เจริญโภคภัณฑ์;อาหารสด;เนื้อหมู;;No
1001000177;คอหมูแท้ตัดแต่ง;Tenderloid Pork Neck primal cut;;;;1;กก.;;เจริญโภคภัณฑ์;อาหารสด;เนื้อหมู;;No
1001000178;สันคอหมูก้อน ตัดแต่ง;Trimmed Shoulder Tenderloid ;;;;1;กก.;;เจริญโภคภัณฑ์;อาหารสด;เนื้อหมู;;No
1001000179;กระดูกต้มซุป (เล้ง);Pork Bone Ioe Lang (Pork Law Spinace);;;;1;กก.;;เจริญโภคภัณฑ์;อาหารสด;เนื้อหมู;;No
1001000180;สันคอหมูสไลด์ ขนาด 4.0-4.5นิ้ว;Slide Blade Roast (3 - 3.5 inches);;;;1;กก.;;เจริญโภคภัณฑ์;อาหารสด;เนื้อหมู;;No
1001000181;ซี่โครงหมูอ่อนหั่นชิ้น;Soft Pork Bone (Cut);;;;1;กก.;;เจริญโภคภัณฑ์;อาหารสด;เนื้อหมู;;No
1001000182;ซี่โครงหมูหั่นชิ้น;Pork Bone (Cut);;;;1;กก.;;เจริญโภคภัณฑ์;อาหารสด;เนื้อหมู;;No
1001000183;หมูบด B/หมูเนื้อไหล่ B บด         (เบทาโกร);Grounded Pork (Grade B Betagro);;;;1;กก.;;เจริญโภคภัณฑ์;อาหารสด;เนื้อหมู;;No
1001000184;หมูสันนอก ตัดแต่งA เส้นยาว         (ปลอดสาร) ;Trimmed Sirloid Pork (Organic Grade A);;;;1;กก.;;เจริญโภคภัณฑ์;อาหารสด;เนื้อหมู;;No
1001000185;เลือดหมูก้อน ( 5ก้อน/ถุง);Pork Blood Jelly (5pcs/pax);;;;1;ถุง;;เจริญโภคภัณฑ์;อาหารสด;เนื้อหมู;;No
1001000186;สันคอหมูปั้นกลม ขนาด 1 กก.;Blade Roast (1kg);;;;1;กก.;;เจริญโภคภัณฑ์;อาหารสด;เนื้อหมู;;No
1001000187;สันคอหมูปั้นกลม ขนาด 2 กก.;Blade Roast (2kg);;;;2;กก.;;เจริญโภคภัณฑ์;อาหารสด;เนื้อหมู;;No
1001000188;สันคอหมูสไลด์ ขนาด 3.0-3.5นิ้ว;Slide Blade Roast (3 - 3.5 inches);;;;1;กก.;;เจริญโภคภัณฑ์;อาหารสด;เนื้อหมู;;No
1001000189;เบคอนรมควันสไลด์ (เพิ่มกลิ่น);Smoked Bacon Slide (add favor);;;;1;กก.;;เจริญโภคภัณฑ์;อาหารสด;เนื้อหมู;;No
1001000190;เบคอนรมควันสไลด์ หนา 2 mm.;Smoked Bacon Slide (2mm);;;;1;กก.;;เจริญโภคภัณฑ์;อาหารสด;เนื้อหมู;;No
1001000191;สามชั้นหมูลอกหนังแต่งสไลด์;Trimmed Pork Belly (no skin);;;;1;กก.;;เจริญโภคภัณฑ์;อาหารสด;เนื้อหมู;;No
1001000192;เศษเบคอนรมควันสไลด์;Piece Smoked Bacon;;;;1;กก.;;เจริญโภคภัณฑ์;อาหารสด;เนื้อหมู;;No
1001000193;เบคอนรมควันปั้นกลม ขนาด 2 kg;Rounded Smoked Bacon 2 kg;;;;2;กก.;;เจริญโภคภัณฑ์;อาหารสด;เนื้อหมู;;No
1001000194;สามชั้นหมูลอกหนังแต่ง          (ปั้นกลม) 1kg.;Rounded Trimmed Pork Belly 1 kg;;;;1;กก.;;เจริญโภคภัณฑ์;อาหารสด;เนื้อหมู;;No
1001000195;มันหมูแช่แข็ง;Frozen Pork Fat;;;;1;กก.;;เจริญโภคภัณฑ์;อาหารสด;เนื้อหมู;;No
1001000196;มันหมูบด;Grounded Pork Fat;;;;1;กก.;;เจริญโภคภัณฑ์;อาหารสด;เนื้อหมู;;No
1001000197;วากิวบิสเก็ต;Wagu Beef Brisket;;;;1;กก.;;;อาหารสด;เนื้อวัว;;No
1001000198;เท็นเดอร์แซงค์;;;;;1;กก.;;;อาหารสด;เนื้อวัว;;No
1001000199;เนื้อเท็นเดอรลอยออสเตรเลีย;Tenderloid Australia;;;;1;กก.;;;อาหารสด;เนื้อวัว;;No
1001000200;บรีฟ ชีค;Breef Cheek;;;;1;กก.;;;อาหารสด;เนื้อวัว;;No
1001000201;โคขุนสติปลอยด์ออสเตรเลีย A4 A5;Australia  Striploid A4 A5;;;;1;กก.;;;อาหารสด;เนื้อวัว;;No
1001000202;เนื้อวากิวคาโกชิม่าสตริปลอยน์ เอ5 3-4 กก/ชิ้น A5 ;Wa gyu Beef (Kagoshima striploid A5 3-4pcs/kg);;;;4;กก.;;;อาหารสด;เนื้อวัว;;No
1001000203;เนื้อโคขุนสันนอกสเต็ก 1 กก. (เนื้อบรามันห์);Tenterloin Brahman Beef (1kg);;;;1;กก.;;;อาหารสด;เนื้อวัว;;No
1001000204;เนื้อโคขุนริบอายสเต็ก 1กก.(เนื้อบรามันห์);Rib eye Brahman Beef (1kg);;;;1;กก.;;;อาหารสด;เนื้อวัว;;No
1001000205;เนื้อโคขุนริบอายสไลด์ชาบู 1กก. (เนื้อบรามันห์);Rib eye (Brahman Beef Sha Bu slide 1 kg);;;;1;กก.;;;อาหารสด;เนื้อวัว;;No
1001000206;เนื้อโคขุนออสเตรเลียสติปลอยด์;Australia Striploid;;;;1;กก.;;;อาหารสด;เนื้อวัว;;No
1001000207;เนื้อโคขุนบด B ถุง1กก. (เนื้อบรามันห์);Grounded Brahman Beef  Grade B (1kg);;;;1;กก.;;;อาหารสด;เนื้อวัว;;No
1001000208;เนื้อโคขุนหั่นผัดแกง ถุง1กก. (เนื้อบรามันห์);Brahman beef cut for stir fried/curry (1 kg);;;;1;กก.;;;อาหารสด;เนื้อวัว;;No
1001000209;เนื้อโคขุนหั่นเต๋า ถุง1กก. (เนื้อบรามันห์);Dice cut  Beef Brahman 1kg);;;;1;กก.;;;อาหารสด;เนื้อวัว;;No
1001000210;เนื้อโคขุนตัดเป็นเส้น ถุง1กก. (เนื้อบรามันห์);Long cut Beef (Brahman 1kg);;;;1;กก.;;;อาหารสด;เนื้อวัว;;No
1001000211;เนื้อโคขุนสไลด์ ถุง1กก. (เนื้อบรามันห์);Slide Brahman Beef (1kg);;;;1;กก.;;;อาหารสด;เนื้อวัว;;No
1001000212;เนื้อโคขุนสันในสเต็ก 1 กก. (เนื้อบรามันห์);Fillet  Brahman Beef (1 kg);;;;1;กก.;;;อาหารสด;เนื้อวัว;;No
1001000213;เนื้อทีโบนสเต็ก 1 กก.(เนื้อบรามันห์);T Bone Steak Brahman Beef (1kg);;;;1;กก.;;;อาหารสด;เนื้อวัว;;No
1001000214;เนื้อโคขุนกระทะแช่แข็ง 1กก. (เนื้อบรามันห์;Frozen Brahman Beef for  stir frie 1kg);;;;1;กก.;;;อาหารสด;เนื้อวัว;;No
1001000215;เนื้อโคขุนสำหรับตุ๋นแช่แข็ง 1กก. (เนื้อบรามันห์);Frozen Brahman Beef for Stew (1kg);;;;1;กก.;;;อาหารสด;เนื้อวัว;;No
1001000216;สามชั้นโคขุนสไลด์แช่แข็ง ถุง1กก. (เนื้อบรามันห์);Frozen Brahman Beef slide (1kg);;;;1;กก.;;;อาหารสด;เนื้อวัว;;No
1001000217;เนื้อโคขุนสันนอกสไลด์ปิ้งย่าง 1 กก.(เนื้อบรามันห์);Tendenloin Beef (Brahman slide for Thai style grilled (1kg);;;;1;กก.;;;อาหารสด;เนื้อวัว;;No
1001000218;เนื้อโคขุนเสื้อร้องไห้สไลด์ปิ้งย่าง 1 กก.(เนื้อบรามันห์);Brisket Beef  (Brahman Beef slide for grilled 1kg);;;;1;กก.;;;อาหารสด;เนื้อวัว;;No
1001000219;เนื้อโคขุนสันคอสไลด์ปิ้งย่าง 1 กก.(เนื้อบรามันห์);Shoulder Tenderloin (Brahman Beef Slide for Grilled 1kg);;;;1;กก.;;;อาหารสด;เนื้อวัว;;No
1001000220;เนื้อโคขุนโหนกสไลด์ปิ้งย่าง 1 กก.(เนื้อบรามันห์);Hump (Brahman Beef Slide for Grilled 1 kg);;;;1;กก.;;;อาหารสด;เนื้อวัว;;No
1001000221;เนื้อโคขุนสามชั้นสไลด์ปิ้งย่าง 1 กก.(เนื้อบรามันห์);Beef Belly (Brahman Slide for Grilled 1 kg);;;;1;กก.;;;อาหารสด;เนื้อวัว;;No
1001000222;เนื้อโคขุนสันคอสไลด์ชาบู 1กก. (เนื้อบรามันห์);Shoulder Tenderloin (Brahman Beef Shabu slide for1kg);;;;1;กก.;;;อาหารสด;เนื้อวัว;;No
1001000223;เนื้อโคขุนเสือร้องไห้สไลด์ชาบู 1 กก.(เนื้อบรามันห์);Brisket Beef (Brahman Sha Bu Slide 1 kg);;;;1;กก.;;;อาหารสด;เนื้อวัว;;No
1001000224;เนื้อโคขุนน่องลาย 1กก.(เนื้อบรามันห์);Jarret (Brahman Beef 1 kg);;;;1;กก.;;;อาหารสด;เนื้อวัว;;No
1001000225;เนื้อเสือร้องไห้ตัดชิ้นสำหรับย่างถุงละ1.0 ก.ก. (เนื้อบรา;Brisket cut for grilled (Brahman Beef 1 kg);;;;1;กก.;;;อาหารสด;เนื้อวัว;;No
1001000226;เนื้อสามชั้นโคขุนกระทะแช่แข็ง 1กก. (เนื้อบรามันห์);Frozen Beef Belly (Brahman 1 kg);;;;1;กก.;;;อาหารสด;เนื้อวัว;;No
1001000227;เนื้อโคขุนแพ็ตตี้ 1 กก.(เนื้อบรามันห์);Patty Beef (Brahman 1kg);;;;1;กก.;;;อาหารสด;เนื้อวัว;;No
1001000228;เศษเนื้อโคขุนแช่แข็งถุง 1กก. (เนื้อบรามันห์;FrozenPieces Beef (Brahman 1 kg);;;;1;กก.;;;อาหารสด;เนื้อวัว;;No
1001000229;เครื่องในโคขุนรวมแช่แข็ง ถุง1กก. (เนื้อบรามันห์);Frozen Entrails Brahman 1kg;;;;1;กก.;;;อาหารสด;เนื้อวัว;;No
1001000230;ตับโคขุนสไลด์แช่แข็ง ถุง1กก. (เนื้อบรามันห์);Frozen Beef Liver Slide (Brahman) 1kg;;;;1;กก.;;;อาหารสด;เนื้อวัว;;No
